restart,score,plaintext
48,-119.27338907561068,IULUEVJIHHZHBWITHEREQGIWGURSYDJ
117,-119.27338907561068,ILDLEBFIHHYHNWITHERESQIWQLRJGKF
168,-119.27338907561068,IVKVEUNIHHPHLWITHEREBYIWYVRDMGN
235,-119.27338907561068,IUQUELKIHHYHCWITHEREFDIWDUROBGK
434,-119.27338907561068,IKZKEFSIHHBHNWITHEREPYIWYKRDQAS
16,-151.11947865596866,XAVAEUYXHHDHMPXTHEREBFXPFARLCOY
29,-151.11947865596866,BJOJEPFBHHYHGVBTHEREWCBVCJRUASF
54,-151.11947865596866,FCVCEIWFHHYHNSFTHEREBQFSQCRMKXW
63,-151.11947865596866,NOPOEMVNHHGHZUNTHEREDFNUFORQJXV
64,-151.11947865596866,PAYAEKBPHHIHLXPTHEREJVPXVARFZQB
72,-151.11947865596866,SXAXEUISHHPHJGSTHEREKLSGLXROQWI
86,-151.11947865596866,ZXYXEAWZHHOHDNZTHEREUCZNCXRBPGW
101,-151.11947865596866,ZIFIEAPZHHOHUMZTHEREDBZMBIRYCJP
122,-151.11947865596866,MKZKEXNMHHDHAFMTHEREBPMFPKRSVUN
162,-151.11947865596866,WSCSEJXWHHQHVOWTHEREAFWOFSRYBLX
200,-151.11947865596866,AXDXEGYAHHCHNLATHEREZBALBXROIVY
208,-151.11947865596866,FSOSEBLFHHAHPIFTHEREMNFINSRCYDL
222,-151.11947865596866,ZCBCEFQZHHYHUDZTHERESAZDACRINXQ
264,-151.11947865596866,GMPMEUZGHHOHAXGTHERENDGXDMRBQYZ
276,-151.11947865596866,MGKGEFLMHHWHPDMTHEREVOMDOGRAQYL
278,-151.11947865596866,CQKQEPXCHHAHLOCTHEREJWCOWQRBSGX
296,-151.11947865596866,AXDXEQSAHHVHCKATHEREJBAKBXRWPLS
301,-151.11947865596866,BFKFELWBHHPHJSBTHEREVGBSGFRYOMW
356,-151.11947865596866,NJUJEYFNHHQHGINTHERELCNICJRSBPF
376,-151.11947865596866,WKVKEPZWHHLHYGWTHEREAFWGFKRXNSZ
377,-151.11947865596866,LOIOEVALHHZHBXLTHEREMGLXGORJSNA
394,-151.11947865596866,KVFVEULKHHNHQZKTHEREJOKZOVRCWBL
407,-151.11947865596866,VXGXELFVHHWHCZVTHEREKUVZUXRYODF
484,-151.11947865596866,PNANEDVPHHOHXLPTHEREMGPLGNRZCQV
115,-156.3275806524071,HEREPFSHWWNWITHUWPOPYMHTMEOXJKS
252,-156.3275806524071,HEREWITHOOKOUXHPOWZWVMHXMEZYSBT
281,-156.3275806524071,HEREZBAHWWVWITHMWZPZOXHTXEPYKUA
308,-156.3275806524071,HEREWJGHNNONXUHSNWBWITHUTEBVYZG
318,-156.3275806524071,HEREVDPHWWAWITHGWVNVXJHTJENMUBP
329,-156.3275806524071,HEREDYVHWWKWITHPWDSDNCHTCESUJZV
358,-156.3275806524071,HEREZXBHWWUWITHGWZMZYOHTOEMFNCB
378,-156.3275806524071,HEREACGHWWZWITHJWAMAPLHTLEMYKXG
420,-156.3275806524071,HERECYJHWWOWITHUWCQCMZHTZEQBLAJ
451,-156.3275806524071,HEREWITHOOFOKMHNOWZWXCHMCEZGJVT
0,-158.05796925088185,STATIONSKKVKXHSLKIDIYGSHGTDCFQN
384,-163.31233293052253,RWDWITHREEPEZURFEIQIMSRUSWQCXVH
187,-169.15768809372744,TNDNRAGTEEFEWITHERXRPOTIONXLQUG
196,-176.25814135372607,EMAMIQSEFFDFJRENFIWITHERHMWPCXS
237,-176.25814135372607,EDBDIGJENNANXRESNIWITHERHDWUKYJ
242,-176.25814135372607,VTMTFKOVPPCPQWVXPFHFUIVWITHERAO
306,-176.25814135372607,WHNHOPZWGGCGYIWDGOEOSTWITHERUAZ
342,-176.25814135372607,WHKHFNXWQQGQYIWPQFEFSTWITHERJLX
392,-176.25814135372607,VIBIYPMVXXOXGZVFXYTYCWVZWITHERM
401,-176.25814135372607,ZWNWFMRZQQPQGAZBQFIFVOZAOWITHER
429,-176.2581413537261,EPUPDYCEIIWITHERIDSDXJEHJPSFMNC
77,-181.07321697276643,HEREUYLHIITIONHCIUBUDGHNGEBAJFL
118,-181.07321697276643,HEREAYNHVVZVCKHSVAJALPHKPEJTION
120,-181.28554692546717,HEREXIGHTTLTQUHPTXAXKVHUVEACMZG
207,-181.28554692546717,HEREXIGHTTSTUDHMTXBXZNHDNEBFCOG
386,-181.28554692546717,HEREQLFHJJPJIGHTJQUQCAHGAEUYNVF
243,-181.2855469254672,HEREQLVHBBKBXTHMBQSQIGHTGESFJZV
1,-183.3123329305225,WHYHQVNWAACAMIWDAQBQRTWITHBFJUN
22,-183.3123329305225,WHPHFBKWVVZVYIWGVFUFCTWITHUEDLK
25,-183.3123329305225,HCKCWAYHLLRLXBHULWGWITHBTCGFONY
32,-183.3123329305225,BKEKIYSBLLDLGQBJLIWITHBQHKWNUOS
44,-183.3123329305225,UBNBLXHUCCDCFSURCLJLGYUSYBJWITH
85,-183.3123329305225,TZAZQKBTCCFCXHTECQOQWITHIZOGDLB
107,-183.3123329305225,FIAISPYFZZJZGQFDZSTSBWFQWITHOXY
108,-183.3123329305225,CZLZVJHCQQMQSDCOQVUVRGCDGZUWITH
149,-183.3123329305225,KNRNDQHKGGOGZSKJGDLDYUKSUNLWITH
198,-183.3123329305225,TOYOAFCTMMXMBHTQMANAWITHIONUDZC
206,-183.3123329305225,HYOYWLXHFFAFGCHBFWSWITHCTYSUZVX
229,-183.3123329305225,OIRINJCOGGYGUXOBGNTNPWOXWITHMVC
240,-183.3123329305225,VTPTKULVBBABFWVCBKHKEIVWITHONML
262,-183.3123329305225,TZNZJDVTFFOFQHTRFJEJWITHIZEKCBV
265,-183.3123329305225,GOAOIPUGNNZNVBGLNIWITHGBHOWRMKU
270,-183.3123329305225,DVQVROHDMMJMBSDGMRYRUXDSXVYWITH
298,-183.3123329305225,MAKALBGMUUSUQJMXULWLPFMJFAWITHG
347,-183.3123329305225,HFBFWMEHOOXOAZHVOWJWITHZTFJCUDE
415,-183.3123329305225,XWZWYPVXKKDKQRXSKYIYFOXROWITHAV
430,-183.3123329305225,UJFJRSHUVVYVLDUOVRKRBAUDAJKWITH
441,-183.3123329305225,JIEIONMJXXGXKFJCXOTOAWJFWITHBVM
446,-183.3123329305225,WHLHGURWBBZBFIWPBGVGDTWITHVNYAR
483,-183.3123329305225,NCPCISONVVQVEFNDVIWITHNFHCWGBZO
496,-183.3123329305225,AKZKQDHABBVBGSAEBQLQFXASXKLWITH
39,-183.31233293052253,HQMQEBSHWWUWITHFWEJEPLHTLQJXCDS
56,-183.31233293052253,HKQKVSCHWWYWITHFWVOVXDHTDKOMNPC
57,-183.31233293052253,MJBJTXQMIIKIARMWITHTCUMRUJHDYSQ
88,-183.31233293052253,OIWITHAODDCDRYOUDTVTGKOYKIVPXBA
126,-183.31233293052253,ZIWITHRZUUBUQDZGUTXTYCZDCIXLPVR
133,-183.31233293052253,HCLCWITHXXVXOMHEXWZWUQHMQCZAYKT
179,-183.31233293052253,PWNWITHPQQDQUYPZQISIFLPYLWSAJOH
184,-183.31233293052253,QMGMTSPQIIVICYQWITHTFJQYJMHDENP
194,-183.31233293052253,PIWITHGPJJKJYQPVJTMTFZPQZIMDCNG
230,-183.31233293052253,WAOAHSEWTTQTCFWITHVHMUWFUAVDYKE
248,-183.31233293052253,KRFRPGXKIIWITHKNIPJPMYKHYRJZCBX
250,-183.31233293052253,TDSDYQPTGGFGWITHGYVYCOTIODVRUKP
263,-183.31233293052253,ICYCSFQIHHRHPWITHSDSUBIWBCDLVXQ
273,-183.31233293052253,HMQMKZSHWWUWITHDWKVKPGHTGMVAXES
289,-183.31233293052253,HQJQZDAHWWBWITHCWZUZEGHTGQUXFYA
335,-183.31233293052253,TDFDALGTQQCQWITHQAMAVOTIODMKPBG
338,-183.31233293052253,TADAEJCTSSMSWITHSEZENXTIXAZQVFC
391,-183.31233293052253,TKSKZWITHHXHOMTGHZNZJLTMLKNPCEI
432,-183.31233293052253,INFNAQXIHHPHLWITHAOAEDIWDNOSZUX
440,-183.31233293052253,LYVYDACLIIWITHLQIDPDNOLHOYPJUEC
457,-183.31233293052253,LWVWITHLXXQXJALZXIYIONLANWYUMEH
458,-183.31233293052253,HBOBCDLHWWXWITHGWCECFMHTMBEQYJL
462,-183.31233293052253,HPJPWITHAAYARLHCAWMWDVHLVPMFQNT
465,-183.31233293052253,HUZUWITHKKOKGLHQKWMWYJHLJUMVBNT
469,-183.31233293052253,DIWITHGDRRSRKQDURTLTAXDQXILJFZG
477,-183.31233293052253,BWOWITHBAAPAZDBSAIJIGNBDNWJYCRH
482,-183.31233293052253,JWVWITHJXXSXPFJKXIZIONJFNWZEYQH
495,-183.31233293052253,FWAWITHFBBCBMVFEBIGIONFVNWGSZJH
3,-188.1736702327651,LYFYEJWLHHIHAKLPHEREDGLKGYRZVOW
4,-188.1736702327651,HEREUVXHWWSWYMHZWUGUKFHMFEGIJCX
7,-188.1736702327651,HEREBQXHYYNYITHFYBJBAVHTVEJLPKX
8,-188.1736702327651,HEREAQFHYYDYCOHVYALAUNHONELWPBF
13,-188.1736702327651,GYDYEAQGHHIHBPGVHEREXFGPFYRKZMQ
15,-188.1736702327651,USQSEYFUHHIHWPUXHEREKDUPDSRCGNF
23,-188.1736702327651,HEREYVZHBBDBOLHGBYSYFAHLAESJUMZ
45,-188.1736702327651,AOLOEUTAHHZHFDASHEREBYADYORGJIT
51,-188.1736702327651,DMSMEOWDHHZHYIDNHEREXCDICMRGVFW
67,-188.1736702327651,VLSLEYJVHHKHWBVZHEREOFVBFLRGCNJ
78,-188.1736702327651,HEREZFDHLLULXSHOLZJZPBHSBEJIWVD
81,-188.1736702327651,WDPDESIWHHNHMLWGHEREUOWLODRXZCI
89,-188.1736702327651,HEREVKFHQQLQXMHZQVBVPOHMOEBWDIF
90,-188.1736702327651,HEREFSOHBBWBULHVBFXFZCHLCEXYGKO
104,-188.1736702327651,HEREZSUHTTQTDVHXTZWZMGHVGEWNFOU
123,-188.1736702327651,IPQPEAGIHHDHFNICHEREOSINSPRKMUG
138,-188.1736702327651,HERENMDHKKBKQCHAKNYNLSHCSEYGOVD
139,-188.1736702327651,HEREINUHSSASKMHDSIQIBZHMZEQJYPU
140,-188.1736702327651,SLBLEVJSHHQHXGSZHEREWYSGYLROUIJ
141,-188.1736702327651,NFOFESQNHHIHWXNJHEREBPNXPFRVCUQ
146,-188.1736702327651,NMIMEJONHHXHUBNVHERESLNBLMRKZDO
153,-188.1736702327651,AQVQENBAHHFHPUAMHEREIGAUGQRDSWB
165,-188.1736702327651,NBMBEZPNHHDHLQNYHEREKXNQXBRUVJP
176,-188.1736702327651,HEREBICHOONODVHJOBWBPFHVFEWLMKC
181,-188.1736702327651,HEREUFTHCCPCYWHMCUJUDZHWZEJSXVT
197,-188.1736702327651,HEREQVWHOOMONIHUOQAQSZHIZEAFYBW
217,-188.1736702327651,HEREWNLHVVOVAYHKVWBWGZHYZEBJCPL
258,-188.1736702327651,ZMYMEKFZHHXHICZJHERESAZCAMRPLBF
260,-188.1736702327651,YGMGELIYHHFHVOYNHEREXBYOBGRKSAI
285,-188.1736702327651,YIJIEWKYHHPHLXYVHEREFAYXAIRNZSK
297,-188.1736702327651,HEREMJOHNNBNPYHZNMFMTSHYSEFGQVO
299,-188.1736702327651,WGAGENBWHHKHFXWMHEREVQWXQGROJSB
304,-188.1736702327651,HEREKBVHGGFGCXHPGKMKAQHXQEMILNV
307,-188.1736702327651,KLFLEVGKHHYHJXKUHERENMKXMLRCQIG
314,-188.1736702327651,AQIQEFMAHHPHSKAGHERECZAKZQRWLUM
316,-188.1736702327651,HEREUSBHAAOAFVHDAUKUGLHVLEKXZPB
317,-188.1736702327651,HEREOVSHBBMBWDHUBOXOFNHDNEXACKS
321,-188.1736702327651,HEREPDNHTTOTUCHWTPAPMLHCLEASKGN
323,-188.1736702327651,HERECWIHFFJFOQHZFCXCMUHQUEXVBYI
327,-188.1736702327651,FDSDEJZFHHWHCVFAHEREXIFVIDRLUYZ
334,-188.1736702327651,QXKXEDVQHHZHNIQGHEREFOQIOXRUABV
341,-188.1736702327651,HEREDXWHKKOKYMHAKDUDSFHMFEUQZVW
350,-188.1736702327651,NZXZESWNHHKHDQNGHEREVYNQYZRPJOW
362,-188.1736702327651,HEREQLDHOOUOVJHBOQCQGIHJIECYNFD
363,-188.1736702327651,BUMUEXJBHHPHDQBSHEREWIBQIURZVLJ
390,-188.1736702327651,HEREMCAHKKWKJXHBKMQMGVHXVEQYSIA
397,-188.1736702327651,HEREWXIHQQCQADHZQWUWFGHDGEUPYLI
403,-188.1736702327651,ALYLEKVAHHNHXMAOHERESUAMULRDIFV
405,-188.1736702327651,HEREYVFHWWLWJGHDWYUYBNHGNEUXOIF
411,-188.1736702327651,HEREFKPHAAQAGXHZAFUFLIHXIEUBDJP
425,-188.1736702327651,COJOEUKCHHIHMSCQHEREAGCSGORFZDK
427,-188.1736702327651,HEREVQKHYYSYDOHFYVAVCXHOXEANMLK
431,-188.1736702327651,BNFNEQCBHHOHVPBGHEREIKBPKNRXJMC
452,-188.1736702327651,DIVIEGCDHHUHBFDWHEREYMDFMIRQLAC
456,-188.1736702327651,HEREVXJHLLALZPHQLVYVIKHPKEYOMDJ
459,-188.1736702327651,HEREDBLHAAFAISHXADUDMVHSVEUCGZL
466,-188.1736702327651,HEREBOKHVVPVTXHWVBQBZCHXCEQFSDK
470,-188.1736702327651,AFJFEZMAHHSHGDAQHEREKPADPFROIYM
480,-188.1736702327651,VWQWEKOVHHJHBPVXHEREDMVPMWRSCZO
486,-188.1736702327651,HEREXUFHGGCGZIHKGXYXPBHIBEYMQVF
331,-195.15842251088048,RQOQGTHREEKEMFRLEGZGBSRFSQZYVJH
293,-201.0037776740854,IEFEJXAINNMNBTIONJRJCHITHERPVZA
75,-201.00377767408543,LTYTIONLCCGCFULKCIHIMZLUZTHERXN
11,-208.05796925088183,VIFIBZJVSSLSCYVQSBOBKTVYTIONAHJ
24,-208.05796925088183,OLDLBMQOGGSGTIONGBJBFYOIYLJXEWQ
34,-208.05796925088183,OCRCZQLOMMAMENOFMZDZTIONICDUGBL
59,-208.05796925088183,ORJRDQAOFFLFXNOSFDZDTIONIRZGYUA
62,-208.05796925088183,NWCWUMYNTTXTIONBTUFURQNOQWFALPY
145,-208.05796925088183,NDRDECSNTTATIONKTEMEVXNOXDMFPZS
147,-208.05796925088183,MDGDOFQMIIBIXJMTIONOPKMJKDNYUEQ
151,-208.05796925088183,MIJIAEDMLLXLYGMSLAOAQTMGTIONKWD
213,-208.05796925088183,NFCFUAQNTTZTIONYTUSUPDNODFSHVJQ
219,-208.05796925088183,JDSDHYVJMMXMFKJRMHTHQPJKPDTIONV
223,-208.05796925088183,QIBIAYXQFFKFUHQEFAOAPTQHTIONVMX
227,-208.05796925088183,WOAOCYKWEEMEPTWFECNCLIWTIONBUSK
236,-208.05796925088183,TMYMNSXTOOVOKGTIONQNZUTGUMQJPFX
255,-208.05796925088183,GUCUOKQGIIYIZFGTIONOPSGFSUNVEAQ
266,-208.05796925088183,AODOFKUACCMCZTARCFNFLIATIONBXJU
275,-208.05796925088183,NWLWBSDNTTUTIONRTBYBZFNOFWYEGAD
286,-208.05796925088183,XPYPCENXFFQFZDXRFCUCAKXDKPUTION
311,-208.05796925088183,APRPXVNALLHLJMADLXKXFQAMQPKTION
333,-208.05796925088183,KGUGOSLKIIJIBPKTIONODHKPHGNXYCL
346,-208.05796925088183,NLELTVYNAAKAGJNFATMTIONJOLMRBUY
359,-208.05796925088183,NMJMTFENDDPDZGNADTQTIONGOMQLWCE
379,-208.05796925088183,IELEVXFINNYNCTIONVJVSKITKEJZHGF
385,-208.05796925088183,UQWQSPAUBBEBGVUDBSTSKMUVMQTIONA
402,-208.05796925088183,NMLMTHZNUUXURDNFUTYTIONDOMYSKVZ
419,-208.05796925088183,KSASZVNKBBMBCDKYBZPZEXKDXSPTION
424,-208.05796925088183,TJWJNZVTOOSOFMTIONENLPTMPJEKCDV
444,-208.05796925088183,LZUZQBNLXXRXACLSXQYQWKLCKZYTION
447,-208.05796925088183,YIQIZDXYLLRLWAYJLZOZPTYATIONEKX
454,-208.05796925088183,UEKEIMPUSSASYLUZSITIONULNETCXJP
461,-208.05796925088183,JTCTDRXJZZYZWVJPZDIDFSJVSTIONBX
467,-208.05796925088183,QIEIBGRQXXKXJCQFXBOBSTQCTIONAYR
476,-208.05796925088183,NFQFJYLNTTCTIONXTJSJZKNOKFSAEVL
47,-208.05796925088185,ZITIONLZCCGCFMZECOWOSRZMRIWQVKL
70,-208.05796925088185,OHBHFTIONNVNQAOCNFSFZXOAXHSRMJI
84,-208.05796925088185,OCGCQTIONNBNMVOPNQYQXKOVKCYUEAI
160,-208.05796925088185,KITIONMKUUSUJZKDUOFOHCKZCIFAPVM
302,-208.05796925088185,VTZTIONVXXCXKEVFXIMIYLVELTMSQJN
426,-208.05796925088185,OKXKATIONNZNPDOYNAGAMEODEKGULBI
460,-208.05796925088185,NVXVTIONWWMWEANSWTGTDJNAJVGYKRO
65,-208.10423093408406,AYMYLZUASSOSWNABSLTLXKANKYTHERU
103,-208.10423093408406,TMXMRDJTEEQENUTHERLRKYTUYMLSGCJ
127,-208.10423093408406,EGAGUBDEYYPYLREWYUVUTHERHGVCJND
221,-208.10423093408406,JENELWXJOOKOQTJPOLRLFHJTHERYDUX
320,-208.10423093408406,QHDHSJYQIIAIOCQVISESBTQCTHERPUY
332,-208.10423093408406,TRJRXUPTCCOCVHTFCXNXGETHERNLWBP
491,-208.10423093408406,JYOYLXQJBBPBNUJWBLTLKZJUZYTHERQ
58,-208.2702992035826,TZPZIGHTXXMXCFTJXILISOTFOZLYQEH
82,-208.2702992035826,ITUTMFKIBBZBVGIQBMOMEHIGHTOPJAK
177,-208.2702992035826,QIJIGHTQYYPYRMQOYGDGXUQMUIDVABT
186,-208.2702992035826,KGIGHTLKRRYRFMKZRHNHVUKMUGNCADL
199,-208.2702992035826,ZNFNGDAZUUXUYQZKUGIGHTZQTNIMPSA
226,-208.2702992035826,HALAMBPHFFQFDTHOFMSMIGHTGASKUXP
233,-208.2702992035826,IPQPTDOIHHRHXSIGHTYTCMISMPYKVUO
259,-208.2702992035826,MYFYGAZMSSUSCQMJSGIGHTMQTYIODVZ
280,-208.2702992035826,PGJGCKUPNNANSYPLNCHCEIPYIGHTDZU
319,-208.2702992035826,ZHCHKUDZFFEFPIZJFKTKXGZIGHTQABD
345,-208.2702992035826,KVYVXQFKGGIGHTKPGXCXDBKTBVCELUF
412,-208.2702992035826,VIJIUXFVZZQZASVKZUGUBOVSOIGHTLF
428,-208.2702992035826,MCVCLFTMPPJPBXMQPLULKNMXNCUIGHT
490,-208.2702992035826,YIDIOQJYBBCBMSYFBOGOAXYSXIGHTPJ
2,-215.15842251088048,OVRVNBDOAAMAHYOJANWNTCOYCVWPUFD
5,-215.15842251088048,WFIFODNWAAPAXZWEAOBOQKWZKFBGSLN
6,-215.15842251088048,MOHOSCNMRRLRPIMVRSUSXAMIAOUDBZN
9,-215.15842251088048,REAEJNGRPPCPFBRWPJUJQIRBIEUMOSG
10,-215.15842251088048,FGKGXCZFBBABDMFSBXUXTNFMNGUIRPZ
12,-215.15842251088048,HASAWUMHRRQRZXHCRWOWVKHXKAONJBM
14,-215.15842251088048,WRNRXCTWFFPFJBWLFXMXSIWBIRMQEZT
17,-215.15842251088048,WOEOPJSWKKCKBFWMKPGPHXWFXOGYNAS
18,-215.15842251088048,HGCGWYLHEEDEBSHXEWVWNPHSPGVKOIL
19,-215.15842251088048,ELKLNGQECCJCFMEOCNRNWYEMYLRZAUQ
20,-215.15842251088048,ESKSFTNEOOXOCHEJOFVFBPEHPSVYUGN
21,-215.15842251088048,VQFQCZKVRRTRXMVDRCSCOWVMWQSGLPK
26,-215.15842251088048,GKNKJIHGXXEXLUGYXJSJOAGUAKSBPCH
27,-215.15842251088048,OZLZADYOEEWESNOUEACAMFONFZCRVPY
28,-215.15842251088048,WUDUKYHWNNFNBOWMNKGKESWOSUGZQLH
30,-215.15842251088048,RIYITFJRUUGUEPRBUTMTAORPOIMSVLJ
31,-215.15842251088048,TYGYEWRTJJZJCNTBJELESUTNUYLKMPR
33,-215.15842251088048,WMBMOLZWFFCFPKWNFODOJUWKUMDGYXZ
35,-215.15842251088048,HKSKXOZHLLGLBNHALXJXUDHNDKJVPCZ
36,-215.15842251088048,CXPXTRYCGGQGJECWGTNTBMCEMXNLZAY
37,-215.15842251088048,XLYLFZVXSSTSQDXUSFWFJKXDKLWCORV
38,-215.15842251088048,CSESHVTCJJYJBFCUJHQHAGCFGSQMPNT
40,-215.15842251088048,GRYRTWLGBBUBISGNBTKTPDGSDRKVMQL
41,-215.15842251088048,GJBJKDOGSSASFLGRSKIKWUGLUJIZTCO
42,-215.15842251088048,CDWDPMTCQQUQBVCOQPSPJHCVHDSFEAT
43,-215.15842251088048,OMUMQIZOEEKERSOXEQPQNAOSAMPFGWZ
46,-215.15842251088048,IBMBZFKIRRDRJGINRZTZWEIGEBTUSLK
49,-215.15842251088048,RYMYDZORTTITFLRWTDPDUSRLSYPEQJO
50,-215.15842251088048,UVCVWJYUBBEBXRUABWGWKMURMVGQFSY
52,-215.15842251088048,QBDBGRYQIIZIXWQOIGAGJCQWCBAKFPY
53,-215.15842251088048,RIXIJQERKKCKDTRPKJWJVYRTYIWFULE
55,-215.15842251088048,CBFBMXUCQQKQIZCGQMWMNLCZLBWSHVU
60,-215.15842251088048,HKXKZYEHMMGMPDHCMZFZIVHDVKFNJOE
61,-215.15842251088048,KOHOFSYKLLJLQGKDLFAFTZKGZOANECY
66,-215.15842251088048,BZVZLXNBQQAQMPBRQLTLJIBPIZTYGSN
68,-215.15842251088048,EQNQRADEPPVPLIEWPRSROFEIFQSUZGD
69,-215.15842251088048,USLSDVWUAAQAENUCADPDJHUNHSPZOYW
71,-215.15842251088048,NMWMLJZNYYGYVUNDYLALORNURMAXTHZ
73,-215.15842251088048,BLSLYDQBTTKTCEBMTYAYFZBEZLAHOWQ
74,-215.15842251088048,ZDUDYRCZJJXJVAZNJYWYSOZAODWMHQC
76,-215.15842251088048,ITQTMZXIKKEKFUIOKMYMVLIULTYSACX
79,-215.15842251088048,TIPIJMVTCCDCGKTFCJOJWZTKZIORQLV
80,-215.15842251088048,YIZIJBMYPPFPQDYSPJWJROYDOIWAGEM
83,-215.15842251088048,DPWPXORDVVGVAZDEVXCXMBDZBPCKLNR
87,-215.15842251088048,PYNYVDSPRRFRHWPGRVXVMCPWCYXQAIS
91,-215.15842251088048,NVBVESANLLMLKTNRLEXEFUNTUVXIWCA
92,-215.15842251088048,WPTPXLAWZZOZYGWBZXMXQKWGKPMCJIA
93,-215.15842251088048,ZXMXOYFZQQVQDSZEQOJOPGZSGXJCNBF
94,-215.15842251088048,ZKJKGTSZVVOVBHZXVGPGQMZHMKPUNYS
95,-215.15842251088048,FJHJPNUFBBSBWCFEBPIPXQFCQJIZVLU
96,-215.15842251088048,RBNBGLYROOCOQKRPOGIGFJRKJBISAXY
97,-215.15842251088048,PLULAXRPGGBGWDPZGAYANIPDILYTSMR
98,-215.15842251088048,XURUJKEXVVMVGAXIVJYJZPXAPUYQBWE
99,-215.15842251088048,IDSDUTZIBBQBOWIPBUGUJAIWADGCXVZ
100,-215.15842251088048,EDFDXMPELLCLQNEVLXKXSYENYDKUTAP
102,-215.15842251088048,GCTCEABGKKYKQWGUKESEMOGWOCSXFJB
105,-215.15842251088048,GHPHYEKGMMLMJBGOMYXYAVGBVHXDSNK
106,-215.15842251088048,LIMIAQDLGGPGWOLNGAZAYSLOSIZBFXD
109,-215.15842251088048,JHWHCOIJLLDLRPJXLCZCVKJPKHZGSAI
110,-215.15842251088048,YZBZQKLYMMXMGFYJMQUQDSYFSZUHPAL
111,-215.15842251088048,UKBKIWFUPPGPNLUCPIEISTULTKEDQRF
112,-215.15842251088048,NYUYCHWNJJQJSPNOJCKCMVNPVYKIEAW
113,-215.15842251088048,WTMTVHGWFFLFYZWSFVNVXRWZRTNJKQG
114,-215.15842251088048,YXSXHMCYJJDJWAYUJHNHEGYAGXNVLPC
116,-215.15842251088048,JNQNABFJOOEOSUJVOAXAWYJUYNXDCZF
119,-215.15842251088048,IFLFBGUICCWCZPIECBHBAMIPMFHYDQU
121,-215.15842251088048,QRJRCSNQFFPFWDQMFCXCBHQDHRXIGVN
124,-215.15842251088048,IABAZPJIGGWGDUIEGZQZFXIUXAQLNCJ
125,-215.15842251088048,LMHMCNXLUUVUPWLKUCZCAILWIMZJBEX
128,-215.15842251088048,LUXUSDPLKKEKIHLYKSASMCLHCUAZQTP
129,-215.15842251088048,LXBXNKTLSSCSOZLASNGNVWLZWXGPUJT
130,-215.15842251088048,YAWARTZYCCJCHFYBCRQRMXYFXAQDVNZ
131,-215.15842251088048,USNSAPKUFFGFBDUTFAMAIZUDZSMVWLK
132,-215.15842251088048,GJAJMKLGDDWDVNGPDMYMOZGNZJYTBFL
134,-215.15842251088048,OZLZGNKORRVRDAOMRGCGPBOABZCUIQK
135,-215.15842251088048,LMVMGSFLDDCDIQLUDGZGHBLQBMZYJWF
136,-215.15842251088048,FNONJCGFSSWSKXFHSJUJVDFXDNUYBIG
137,-215.15842251088048,BUJUWTIBAAYAVMBQAWLWGKBMKULEDOI
142,-215.15842251088048,JSVSRBPJNNONQEJFNRXRTCJECSXLDKP
143,-215.15842251088048,RPZPVFBRLLILJDRULVEVONRDNPEYCXB
144,-215.15842251088048,AGCGUJDAVVBVZQAEVUIULMAQMGIKTOD
148,-215.15842251088048,SNENRFUSVVZVWTSJVRPRKISTINPGCYU
150,-215.15842251088048,ENGNKOVETTRTQPEATKYKFLEPLNYJBWV
152,-215.15842251088048,ZFJFQPSZYYCYDEZIYQBQOMZEMFBNWRS
154,-215.15842251088048,OCUCBFRONNDNVLOXNBYBAPOLPCYZSQR
155,-215.15842251088048,WXSXCEZWAABANKWJACQCFMWKMXQHGTZ
156,-215.15842251088048,GFCFENZGDDMDQLGADEPEUKGLKFPWRVZ
157,-215.15842251088048,OGNGABCOUUYUSVOHUAQAIDOVDGQFKRC
158,-215.15842251088048,QPFPORWQUUNUHSQVUOBOKIQSIPBDAMW
159,-215.15842251088048,ACPCRXVADDLDUOAKDRSRWJAOJCSFEQV
161,-215.15842251088048,DCWCAKEDRRURPBDTRAMAZSDBSCMQNYE
163,-215.15842251088048,GZCZANSGHHJHEVGMHATAPLGVLZTQDOS
164,-215.15842251088048,RUBUCIJRAAZAFVRWACOCNERVEUOGXSJ
166,-215.15842251088048,WZNZJRGWOOSOXKWFOJQJULWKLZQIPCG
167,-215.15842251088048,BQMQZDLBKKUKWCBNKZFZOPBCPQFYARL
169,-215.15842251088048,FOVOZLCFEEJEYNFTEZMZXSFNSOMDGHC
170,-215.15842251088048,VNMNFCEVZZIZWRVGZFQFBJVRJNQOYAE
171,-215.15842251088048,ZPWPFUYZNNXNJEZTNFGFCQZEQPGKOSY
172,-215.15842251088048,ARXREFLATTOTPWASTEZEBVAWVRZQDML
173,-215.15842251088048,AKGKNTJARRWRYPASRNONVHAPHKOQDLJ
174,-215.15842251088048,JTBTILUJQQZQSFJCQIAIXRJFRTAOHVU
175,-215.15842251088048,NCECTUZNAAMAVDNXATFTGINDICFRPYZ
178,-215.15842251088048,PGXGMSYPUUIUTWPNUMDMBAPWAGDVLKY
180,-215.15842251088048,FUQUJXIFMMYMLTFSMJGJPKFTKUGDRBI
182,-215.15842251088048,YVQVXRAYEEZEDFYUEXPXWCYFCVPLGMA
183,-215.15842251088048,DIQIVRLDWWAWYKDTWVFVZJDKJIFBMCL
185,-215.15842251088048,HCQCDVYHLLOLBSHXLDGDEWHSWCGAUZY
188,-215.15842251088048,CLRLWENCGGSGVTCJGWMWBXCTXLMOPKN
189,-215.15842251088048,COVOAKQCBBZBDPCSBAYAUMCPMOYITFQ
190,-215.15842251088048,XKPKTQBXVVEVSZXFVTDTNJXZJKDRGMB
191,-215.15842251088048,SLPLNHBSDDMDWISXDNUNCGSIGLUEFZB
192,-215.15842251088048,MSGSCBVMLLJLTOMZLCFCHXMOXSFQKNV
193,-215.15842251088048,OHZHBLVOJJUJTROGJBKBMYORYHKCQXV
195,-215.15842251088048,GEBEHCYGKKDKQSGXKHAHJFGSFEAUWNY
201,-215.15842251088048,UNCNPXRUDDFDKIUVDPOPZMUIMNOAJER
202,-215.15842251088048,CNWNDKMCTTOTYZCQTDBDFXCZXNBVGRM
203,-215.15842251088048,VCKCLUJVWWFWQMVPWLXLODVMDCXYNHJ
204,-215.15842251088048,DQWQLFVDUUAUOGDYULILZSDGSQIXKBV
205,-215.15842251088048,DVBVUSPDNNANZODENUTUHFDOFVTQLMP
209,-215.15842251088048,MRPRYCWMAATAKFMNAYGYXJMFJRGOVEW
210,-215.15842251088048,JDXDKQEJVVYVZMJGVKOKFNJMNDOABPE
211,-215.15842251088048,QUVUACMQGGOGKLQYGAJAHIQLIUJXDRM
212,-215.15842251088048,ESLSUGMEDDXDITERDUYUNKETKSYCPAM
214,-215.15842251088048,GVEVJWLGBBXBNMGPBJTJFRGMRVTSCYL
215,-215.15842251088048,ZCECKXTZIILIDPZVIKFKJBZPBCFYNGT
216,-215.15842251088048,WODOQGSWUUFUHRWLUQKQVAWRAOKJIXS
218,-215.15842251088048,YQBQKCWYOOXOIJYHOKPKZVYJVQPDLAW
220,-215.15842251088048,CDKDQSUCMMXMHLCFMQOQYICLIDONVBU
224,-215.15842251088048,LBVBGPYLZZKZNXLMZGRGSDLXDBREUJY
225,-215.15842251088048,CSASYXZCQQMQJRCFQYHYPOCROSHLIUZ
228,-215.15842251088048,GSJSXAYGZZBZNUGMZXWXKCGUCSWLQFY
231,-215.15842251088048,VAMAFZWVPPHPXQVSPFIFOKVQKAINCGW
232,-215.15842251088048,AJZJRYGAPPKPMQAWPRLRVBAQBJLSDOG
234,-215.15842251088048,MTZTYSBMCCLCGKMICYUYEOMKOTUWAVB
238,-215.15842251088048,HNXNBGMHQQVQLIHPQBABCWHIWNAOSKM
239,-215.15842251088048,YKEKVNQYCCMCBXYRCVTVFPYXPKTDILQ
241,-215.15842251088048,ACZCTVGAYYHYUSAWYTPTJNASNCPKXMG
244,-215.15842251088048,OUFUKYNOVVIVWMOPVKHKZXOMXUHSBRN
245,-215.15842251088048,WBGBHACWKKNKMXWUKHTHYPWXPBTLODC
246,-215.15842251088048,YXIXZUGYRRBRWMYDRZEZNTYMTXESAFG
247,-215.15842251088048,IMEMQPSIXXAXUVILXQGQWOIVOMGBTYS
249,-215.15842251088048,FEVETAJFMMLMOYFKMTBTZCFYCEBWRSJ
251,-215.15842251088048,PVMVQURPLLSLJIPZLQHQXAPIAVHNKYR
253,-215.15842251088048,BGRGFKSBQQHQCUBWQFNFADBUDGNMPVS
254,-215.15842251088048,PYSYXQCPDDJDAWPODXVXGRPWRYVFZKC
256,-215.15842251088048,LACAEQBLIINIYGLVIETEKXLGXATSJFB
257,-215.15842251088048,MBGBKUEMXXOXVSMQXKWKPJMSJBWIARE
261,-215.15842251088048,GEPEZXNGIIAIMLGWIZSZDYGLYESKQCN
267,-215.15842251088048,JMPMISKJYYVYWFJEYIRILAJFAMRXBUK
268,-215.15842251088048,ZSXSDMGZFFJFWYZCFDKDALZYLSKBVTG
269,-215.15842251088048,JPUPKCZJTTQTXHJLTKFKOGJHGPFYRSZ
271,-215.15842251088048,VELEMTCVWWPWZNVJWMUMDKVNKEUAHYC
272,-215.15842251088048,PFUFVEQPCCDCNJPHCVZVSWPJWFZAKLQ
274,-215.15842251088048,HNXNSZLHWWPWGOHYWSUSVQHOQNUICML
277,-215.15842251088048,DNYNEQFDKKAKSTDMKEBEWPDTPNBXCGF
279,-215.15842251088048,EZGZKQDENNPNTYEBNKRKXIEYIZRLWFD
282,-215.15842251088048,HBLBIRDHKKZKGVHMKINIJPHVPBNWYSD
283,-215.15842251088048,WAGARNYWBBFBMTWPBRCRIVWTVACJQSY
284,-215.15842251088048,AUZUDMGAJJBJNPAIJDFDTEAPEUFXCQG
287,-215.15842251088048,DVBVXEMDZZNZCRDYZXIXFQDRQVIOWAM
288,-215.15842251088048,JYXYGKUJQQZQSRJEQGLGTOJROYLPCWU
290,-215.15842251088048,QPIPNJMQKKVKBSQRKNHNFLQSLPHYUXM
291,-215.15842251088048,HIXIGLNHJJPJDEHYJGMGUQHEQIMSKBN
292,-215.15842251088048,TNBNSZJTDDEDYXTCDSISPGTXGNIQRUJ
294,-215.15842251088048,BFKFGOJBEEUEDRBXEGNGMIBRIFNPVZJ
295,-215.15842251088048,SZVZXKBSOOYOQJSDOXCXUHSJHZCNLGB
300,-215.15842251088048,SONOXKUSHHCHMBSJHXZXQYSBYOZDLRU
303,-215.15842251088048,RXVXIUBRYYGYQPRSYIKIFLRPLXKAMEB
305,-215.15842251088048,WUNUVMRWCCOCZLWDCVKVQHWLHUKFGIR
309,-215.15842251088048,OKYKHPFODDQDJLOIDHAHCZOLZKAVEXF
310,-215.15842251088048,PQUQEOZPVVXVATPBVEYEWRPTRQYJLMZ
312,-215.15842251088048,JTLTEUYJBBFBHVJMBESEDWJVWTSACZY
313,-215.15842251088048,GKUKCAIGSSPSQTGZSCLCEOGTOKLXRDI
315,-215.15842251088048,YUZUADHYGGNGFKYWGAOAJXYKXUOPSRH
322,-215.15842251088048,QMUMACEQRRKRXBQYRAJAOZQBZMJPDNE
324,-215.15842251088048,XCNCQSLXVVIVFEXHVQOQAJXEJCOYBGL
325,-215.15842251088048,ELALPBWEKKRKXZETKPDPMGEZGLDJYVW
326,-215.15842251088048,VJMJFDPVWWCWIOVBWFKFSEVOEJKYXHP
328,-215.15842251088048,MQPQZWOMVVJVSXMIVZAZYTMXTQABEKO
330,-215.15842251088048,VNJNOPKVXXZXQIVAXOUOEGVIGNUBHWK
336,-215.15842251088048,AZCZSGDAHHVHRMAWHSUSPNAMNZUJQTD
337,-215.15842251088048,LIXIRBCLGGKGHOLJGRWRNDLODIWAZYC
339,-215.15842251088048,SYPYCMKSNNZNTDSJNCLCXHSDHYLIUEK
340,-215.15842251088048,HIUIPLTHXXYXZMHRXPDPOQHMQIDCBKT
343,-215.15842251088048,LIFINYSLXXGXDBLWXNVNZMLBMIVUKOS
344,-215.15842251088048,ZNFNRXOZSSLSHBZMSRVRKUZBUNVAJGO
348,-215.15842251088048,PNBNYWAPVVXVSRPIVYEYGJPRJNEQFKA
349,-215.15842251088048,EVGVAZNEYYTYBMEQYAUAXWEMWVUPOFN
351,-215.15842251088048,IGAGQBFITTDTCKIRTQMQLOIKOGMJPEF
352,-215.15842251088048,UOGOQVHUCCXCJNUSCQDQAPUNPODYRBH
353,-215.15842251088048,RSXSPHJRCCQCOTRZCPBPVDRTDSBAWNJ
354,-215.15842251088048,FSUSMCZFOOLODEFWOMYMHAFEASYKVNZ
355,-215.15842251088048,OQTQYBWOPPEPKZOVPYGYHNOZNQGAUXW
357,-215.15842251088048,GRBRMVTGNNONQZGENMKMYJGZJRKXFUT
360,-215.15842251088048,NPMPAXONBBJBTKNLBAQASWNKWPQHCVO
361,-215.15842251088048,KXQXOYBKSSUSVHKZSOMOGLKHLXMFDIB
364,-215.15842251088048,MWXWQLIMTTPTBNMYTQAQCDMNDWASRFI
365,-215.15842251088048,BTVTJXNBUUIUGRBMUJYJEKBRKTYPCQN
366,-215.15842251088048,CNLNWXQCJJBJUYCPJWKWFICYINKRVSQ
367,-215.15842251088048,UXFXKPCUWWGWRLUZWKMKJSULSXMVNDC
368,-215.15842251088048,FIGIMVUFCCTCBAFWCMSMQZFAZISPJDU
369,-215.15842251088048,MXPXCGDMSSJSHFMVSCUCOZMFZXUELQD
370,-215.15842251088048,IVMVBQAIZZUZLPICZBGBYWIPWVGOKJA
371,-215.15842251088048,LNCNUFXLKKVKPBLRKUQUEYLBYNQIDAX
372,-215.15842251088048,SNMNQZDSOOGOLASKOQUQBCSACNUVFHD
373,-215.15842251088048,FXPXCBKFHHAHQZFMHCNCEWFZWXNOULK
374,-215.15842251088048,TUWUYPHTEECEDFTBEYAYMZTFZUAJQLH
375,-215.15842251088048,DTSTBGVDPPMPCFDXPBHBRZDFZTHOALV
380,-215.15842251088048,JKDKROZJGGEGSAJPGRCRQFJAFKCLWIZ
381,-215.15842251088048,CIUIFOMCSSRSTBCQSFWFGYCBYIWPJAM
382,-215.15842251088048,WYRYLDAWCCVCZBWOCLJLPNWBNYJQEKA
383,-215.15842251088048,EDCDYLGEOOKOQIEMOYJYXUEIUDJTSZG
387,-215.15842251088048,WRGRJSZWLLMLIKWPLJYJOFWKFRYXATZ
388,-215.15842251088048,SZJZKYXSHHQHEOSVHKUKBCSOCZUTAGX
389,-215.15842251088048,NGLGYZJNDDMDRVNPDYBYUXNVXGBCFQJ
393,-215.15842251088048,DIKILJSDZZPZAMDOZLWLFCDMCIWHGUS
395,-215.15842251088048,KSUSZHOKFFMFGTKRFZPZDVKTVSPXCJO
396,-215.15842251088048,SJRJGNWSIIDIFKSXIGPGAMSKMJPHZQW
398,-215.15842251088048,DOJOYZIDMMBMGLDEMYKYNQDLQOKSXCI
399,-215.15842251088048,BOMOANCBXXDXJVBGXARAPZBVZORKHYC
400,-215.15842251088048,PNZNXFAPMMBMRCPGMXLXDUPCUNLYJKA
404,-215.15842251088048,LKMKPBOLNNDNESLUNPJPYVLSVKJARXO
406,-215.15842251088048,MQAQCKYMNNONSZMPNCBCGVMZVQBUJHY
408,-215.15842251088048,MKGKRPVMFFJFXAMUFRORWLMALKOQSZV
409,-215.15842251088048,TBEBFJNTQQCQVGTPQFDFMSTGSBDOAKN
410,-215.15842251088048,AQTQCGSADDKDVBAJDCECWYABYQEXHNS
413,-215.15842251088048,ABQBDGIAHHNHXJASHDFDLUAJUBFZMYI
414,-215.15842251088048,TGBGROKTAAYAFLTNARMRHXTLXGMCDQK
416,-215.15842251088048,HWTWDFKHVVJVOSHBVDZDPCHSCWZYEXK
417,-215.15842251088048,IOVOCJYIEEQEPNIFECACLDINDOAMKRY
418,-215.15842251088048,LAWAQVSLFFGFENLPFQZQYDLNDAZOIHS
421,-215.15842251088048,QTCTHKOQWWZWENQMWHDHYJQNJTDSALO
422,-215.15842251088048,AWBWNHDAQQVQYRAKQNFNXLARLWFJZUD
423,-215.15842251088048,OZKZMNDOBBJBLTOUBMYMPXOTXZYSARD
433,-215.15842251088048,EYPYCMBEQQAQZHESQCWCDVEHVYWTKNB
435,-215.15842251088048,PMQMCUHPZZRZBXPOZCDCGVPXVMDFYNH
436,-215.15842251088048,OBABTDHOZZVZPQOCZTGTUYOQYBGWNJH
437,-215.15842251088048,RBNBUHIRCCKCTQRXCUPUSZRQZBPMADI
438,-215.15842251088048,QCXCWTFQSSMSDOQASWUWJVQOVCUNZPF
439,-215.15842251088048,TMUMLBZTEEJEFDTAELILRKTDKMINVCZ
442,-215.15842251088048,YZEZNMRYIIAIVFYSINGNLXYFXZGCODR
443,-215.15842251088048,AWXWBRTAHHPHLVAGHBDBZCAVCWDJMST
445,-215.15842251088048,WLZLITSWDDADXYWCDIUIPJWYJLUBMFS
448,-215.15842251088048,IDUDJYEIBBQBFOIGBJSJVPIOPDSXCKE
449,-215.15842251088048,ZABACGPZNNUNWEZKNCVCDTZETAVIMYP
450,-215.15842251088048,FIEITYGFLLVLPWFBLTMTUCFWCIMNXSG
453,-215.15842251088048,JKBKELWJHHNHMXJQHEFESCJXCKFYDVW
455,-215.15842251088048,ZNTNBXRZFFEFKYZGFBQBDLZYLNQWJIR
463,-215.15842251088048,AJDJTUQANNKNYXAHNTCTWGAXGJCMVBQ
464,-215.15842251088048,AZGZCPBANNVNLXAFNCQCDYAXYZQJOUB
468,-215.15842251088048,XWYWRKGXFFNFUJXMFRDRLQXJQWDOHSG
471,-215.15842251088048,AEZEQBUAPPJPFWARPQLQDXAWXELVOSU
472,-215.15842251088048,FBJBKMQFPPZPVLFXPKOKASFLSBONGIQ
473,-215.15842251088048,IVQVLAKIUUBUCMIYULOLFSIMSVOWGPK
474,-215.15842251088048,TWIWEZFTDDLDSBTUDEGENRTBRWGQPYF
475,-215.15842251088048,XHMHCGLXZZYZJDXOZCECSQXDQHEVKNL
478,-215.15842251088048,TYQYCKGTBBIBUWTEBCRCDXTWXYRSAOG
479,-215.15842251088048,KTOTUDNKGGZGAJKEGUVUMQKJQTVWSFN
481,-215.15842251088048,HEBEIDSHUUMUCJHYUIAIKPHJPEALONS
485,-215.15842251088048,YJTJPHVYDDBDSFYCDPXPQUYFUJXGOKV
487,-215.15842251088048,XKMKWQCXSSUSOEXZSWTWFGXEGKTRPDC
488,-215.15842251088048,PWEWKCYPAAUABIPNAKHKJSPISWHVOZY
489,-215.15842251088048,UBMBXZNUJJIJRKUAJXSXGOUKOBSVYLN
492,-215.15842251088048,YKFKPQGYOOHOZJYXOPBPWCYJCKBMIAG
493,-215.15842251088048,IUOUWEZIPPFPGKIVPWXWBRIKRUXQTJZ
494,-215.15842251088048,LTHTQVALUUMUPRLYUQJQFDLRDTJKIXA
497,-215.15842251088048,KFTFMNJKIIWIQSKVIMDMYXKSXFDEGZJ
498,-215.15842251088048,QNRNZGYQJJVJOXQEJZTZLAQXANTMWPY
499,-215.15842251088048,YOBOSGVYCCZCDLYNCSMSRPYLPOMIHAV
